[
   {
      "model":"toolz_swap_app.city",
      "pk":"12545115-8e89-41af-aefd-88fc2cb6befe",
      "fields":{
         "name":"San Francisco",
         "population":900000,
         "size_sqkm":28.12
      }
   },
   {
      "model":"toolz_swap_app.city",
      "pk":"26768abd-6ee3-41c4-8ea1-5ed250fdc757",
      "fields":{
         "name":"Los Angeles",
         "population":35000000,
         "size_sqkm":157.42
      }
   },
   {
      "model":"toolz_swap_app.neighborhood",
      "pk":"15623525-2ac9-494b-bb3d-a9ef8f59d2c9",
      "fields":{
         "name":"Tenderloin",
         "city":"12545115-8e89-41af-aefd-88fc2cb6befe",
         "population":64000,
         "size_sqkm":9.6
      }
   },
   {
      "model":"toolz_swap_app.neighborhood",
      "pk":"1bc7d01a-6120-4760-9294-1e8eb8a6d1e2",
      "fields":{
         "name":"Chinatown",
         "city":"12545115-8e89-41af-aefd-88fc2cb6befe",
         "population":300000,
         "size_sqkm":5.4
      }
   },
   {
      "model":"toolz_swap_app.neighborhood",
      "pk":"64e71c21-137a-420d-a8a6-e3d00b70a031",
      "fields":{
         "name":"Venice",
         "city":"26768abd-6ee3-41c4-8ea1-5ed250fdc757",
         "population":80000,
         "size_sqkm":8.4
      }
   },
   {
      "model":"toolz_swap_app.neighborhood",
      "pk":"a488a198-6dab-4459-aee2-270fb99f07b7",
      "fields":{
         "name":"Glendale",
         "city":"26768abd-6ee3-41c4-8ea1-5ed250fdc757",
         "population":1200000,
         "size_sqkm":15.4
      }
   },
   {
      "model":"toolz_swap_app.tooltype",
      "pk":"5d6beee0-087b-4a9b-b3bb-c0bd9fba9392",
      "fields":{
         "name":"Drill",
         "purpose":"Drilling",
         "popularity":"High"
      }
   },
   {
      "model":"toolz_swap_app.tooltype",
      "pk":"9944dc99-3507-4a1b-9794-2d6ae9fea8ec",
      "fields":{
         "name":"Saw",
         "purpose":"Sawing",
         "popularity":"Medium"
      }
   },
   {
      "model":"toolz_swap_app.tooltype",
      "pk":"e4c67acc-d10f-4082-a530-0e03b80aaa30",
      "fields":{
         "name":"Wrench Keys",
         "purpose":"Wrenching",
         "popularity":"High"
      }
   },
   {
      "model":"toolz_swap_app.brand",
      "pk":"25bc08f1-9589-4a3d-a6cc-1cdc4a88a4d3",
      "fields":{
         "name":"CAT",
         "item_image":"",
         "item_image_url":"https://i.ibb.co/xXQRVGN/cat.png"
      }
   },
   {
      "model":"toolz_swap_app.brand",
      "pk":"28dc320d-66d2-4d30-aa63-f3b02d057f12",
      "fields":{
         "name":"Bosch",
         "item_image":"",
         "item_image_url":"https://i.ibb.co/SBkf5Fs/bosch-vector.jpg"
      }
   },
   {
      "model":"toolz_swap_app.brand",
      "pk":"3984cb77-7887-4511-a859-0cf0d664a88d",
      "fields":{
         "name":"Makita",
         "item_image":"",
         "item_image_url":"https://i.ibb.co/RHBhjyg/makita.jpg"
      }
   },
   {
      "model":"toolz_swap_app.toolmodel",
      "pk":"36253a84-a086-49a8-8269-3f3dd6023d3f",
      "fields":{
         "name":"SCP51",
         "year_released":2002
      }
   },
   {
      "model":"toolz_swap_app.toolmodel",
      "pk":"52f88398-254b-4c27-bc51-bce06479cf63",
      "fields":{
         "name":"PGH461",
         "year_released":2016
      }
   },
   {
      "model":"toolz_swap_app.toolmodel",
      "pk":"7eb60737-9132-4ff7-80d5-3fe987c0414a",
      "fields":{
         "name":"DRL41",
         "year_released":2011
      }
   },
   {
      "model":"toolz_swap_app.user",
      "pk":1,
      "fields":{
         "password":"test_password_1324",
         "last_login":null,
         "is_superuser":false,
         "username":"test_user_1",
         "first_name":"Mike",
         "last_name":"Tyson",
         "email":"mike@toolz.com",
         "is_staff":false,
         "is_active":true,
         "date_joined":"2021-12-16T20:37:37.003Z",
         "phone":"",
         "address":"",
         "city":null,
         "item_image":"",
         "item_image_url":null,
         "bio":"",
         "rating_average":null,
         "groups":[
            
         ],
         "user_permissions":[
            
         ],
         "saved_places":[
            
         ],
         "rented_tools":[
            
         ]
      }
   },
   {
      "model":"toolz_swap_app.user",
      "pk":2,
      "fields":{
         "password":"test_password_2435",
         "last_login":null,
         "is_superuser":false,
         "username":"test_user_2",
         "first_name":"Kate",
         "last_name":"McLaren",
         "email":"kate@toolz.com",
         "is_staff":false,
         "is_active":true,
         "date_joined":"2021-12-16T20:37:37.014Z",
         "phone":"",
         "address":"",
         "city":null,
         "item_image":"",
         "item_image_url":null,
         "bio":"",
         "rating_average":null,
         "groups":[
            
         ],
         "user_permissions":[
            
         ],
         "saved_places":[
            
         ],
         "rented_tools":[
            
         ]
      }
   },
   {
      "model":"toolz_swap_app.user",
      "pk":3,
      "fields":{
         "password":"test_password_5342",
         "last_login":null,
         "is_superuser":false,
         "username":"test_user_3",
         "first_name":"Coco",
         "last_name":"Chanel",
         "email":"coco@toolz.com",
         "is_staff":false,
         "is_active":true,
         "date_joined":"2021-12-16T20:37:37.047Z",
         "phone":"",
         "address":"",
         "city":null,
         "item_image":"",
         "item_image_url":null,
         "bio":"",
         "rating_average":null,
         "groups":[
            
         ],
         "user_permissions":[
            
         ],
         "saved_places":[
            
         ],
         "rented_tools":[
            
         ]
      }
   },
   {
      "model":"toolz_swap_app.user",
      "pk":4,
      "fields":{
         "password":"test_password_451",
         "last_login":null,
         "is_superuser":false,
         "username":"test_user_4",
         "first_name":"Jake",
         "last_name":"Brown",
         "email":"jake@toolz.com",
         "is_staff":false,
         "is_active":true,
         "date_joined":"2021-12-16T20:37:37.073Z",
         "phone":"",
         "address":"",
         "city":null,
         "item_image":"",
         "item_image_url":null,
         "bio":"",
         "rating_average":null,
         "groups":[
            
         ],
         "user_permissions":[
            
         ],
         "saved_places":[
            
         ],
         "rented_tools":[
            
         ]
      }
   },
   {
      "model":"toolz_swap_app.user",
      "pk":5,
      "fields":{
         "password":"test_password_542",
         "last_login":null,
         "is_superuser":false,
         "username":"test_user_5",
         "first_name":"Caitlyn",
         "last_name":"McDonald",
         "email":"caitlyn@toolz.com",
         "is_staff":false,
         "is_active":true,
         "date_joined":"2021-12-16T20:37:37.101Z",
         "phone":"",
         "address":"",
         "city":null,
         "item_image":"",
         "item_image_url":null,
         "bio":"",
         "rating_average":null,
         "groups":[
            
         ],
         "user_permissions":[
            
         ],
         "saved_places":[
            
         ],
         "rented_tools":[
            
         ]
      }
   },
   {
      "model":"toolz_swap_app.user",
      "pk":6,
      "fields":{
         "password":"test_password_907",
         "last_login":null,
         "is_superuser":false,
         "username":"test_user_6",
         "first_name":"Vi",
         "last_name":"Robinson",
         "email":"vi@toolz.com",
         "is_staff":false,
         "is_active":true,
         "date_joined":"2021-12-16T20:37:37.122Z",
         "phone":"",
         "address":"",
         "city":null,
         "item_image":"",
         "item_image_url":null,
         "bio":"",
         "rating_average":null,
         "groups":[
            
         ],
         "user_permissions":[
            
         ],
         "saved_places":[
            
         ],
         "rented_tools":[
            
         ]
      }
   },
   {
      "model":"toolz_swap_app.listing",
      "pk":"23268eef-b132-4848-82b1-544c1c89248c",
      "fields":{
         "title":"Wrench Keys (used)",
         "owner":1,
         "brand":"3984cb77-7887-4511-a859-0cf0d664a88d",
         "model":"52f88398-254b-4c27-bc51-bce06479cf63",
         "tool_category":"e4c67acc-d10f-4082-a530-0e03b80aaa30",
         "price":23.0,
         "address":"451 Glandale St.",
         "city":"26768abd-6ee3-41c4-8ea1-5ed250fdc757",
         "neighborhood":"a488a198-6dab-4459-aee2-270fb99f07b7",
         "description":"A set of 10 used wrench keys",
         "created_on":"2021-12-16T20:37:37.521Z",
         "rating_average":3.3
      }
   },
   {
      "model":"toolz_swap_app.listing",
      "pk":"59593485-cd56-4179-9bea-c66f8e7b9a2f",
      "fields":{
         "title":"Saw",
         "owner":6,
         "brand":"25bc08f1-9589-4a3d-a6cc-1cdc4a88a4d3",
         "model":"7eb60737-9132-4ff7-80d5-3fe987c0414a",
         "tool_category":"9944dc99-3507-4a1b-9794-2d6ae9fea8ec",
         "price":14.0,
         "address":"451 Glandale St.",
         "city":"12545115-8e89-41af-aefd-88fc2cb6befe",
         "neighborhood":"1bc7d01a-6120-4760-9294-1e8eb8a6d1e2",
         "description":"Please rent my saw",
         "created_on":"2021-12-16T20:37:37.617Z",
         "rating_average":5.0
      }
   },
   {
      "model":"toolz_swap_app.listing",
      "pk":"5f269ca7-92dc-49b6-8831-b16e7918ef88",
      "fields":{
         "title":"Saw Makita New",
         "owner":2,
         "brand":"3984cb77-7887-4511-a859-0cf0d664a88d",
         "model":"52f88398-254b-4c27-bc51-bce06479cf63",
         "tool_category":"9944dc99-3507-4a1b-9794-2d6ae9fea8ec",
         "price":44.0,
         "address":"894 Longroad St.",
         "city":"26768abd-6ee3-41c4-8ea1-5ed250fdc757",
         "neighborhood":"64e71c21-137a-420d-a8a6-e3d00b70a031",
         "description":"A new makita saw",
         "created_on":"2021-12-16T20:37:37.701Z",
         "rating_average":4.9
      }
   },
   {
      "model":"toolz_swap_app.listing",
      "pk":"63e52c16-3b77-4c7b-b7c9-2fbc961348e8",
      "fields":{
         "title":"Saw",
         "owner":2,
         "brand":"25bc08f1-9589-4a3d-a6cc-1cdc4a88a4d3",
         "model":"52f88398-254b-4c27-bc51-bce06479cf63",
         "tool_category":"9944dc99-3507-4a1b-9794-2d6ae9fea8ec",
         "price":10.0,
         "address":"894 Longroad St.",
         "city":"26768abd-6ee3-41c4-8ea1-5ed250fdc757",
         "neighborhood":"64e71c21-137a-420d-a8a6-e3d00b70a031",
         "description":"cool Saw yeee",
         "created_on":"2021-12-16T20:37:37.322Z",
         "rating_average":4.6
      }
   },
   {
      "model":"toolz_swap_app.listing",
      "pk":"c6cf9fc5-a771-443a-9988-78be5b5b5955",
      "fields":{
         "title":"Saw (used)",
         "owner":1,
         "brand":"3984cb77-7887-4511-a859-0cf0d664a88d",
         "model":"52f88398-254b-4c27-bc51-bce06479cf63",
         "tool_category":"9944dc99-3507-4a1b-9794-2d6ae9fea8ec",
         "price":30.0,
         "address":"451 Glandale St.",
         "city":"26768abd-6ee3-41c4-8ea1-5ed250fdc757",
         "neighborhood":"a488a198-6dab-4459-aee2-270fb99f07b7",
         "description":"A set of 10 used wrench keys",
         "created_on":"2021-12-16T20:37:37.908Z",
         "rating_average":3.3
      }
   },
   {
      "model":"toolz_swap_app.listing",
      "pk":"df76d100-591f-46c0-a670-358e80fb0435",
      "fields":{
         "title":"Drill",
         "owner":1,
         "brand":"28dc320d-66d2-4d30-aa63-f3b02d057f12",
         "model":"36253a84-a086-49a8-8269-3f3dd6023d3f",
         "tool_category":"5d6beee0-087b-4a9b-b3bb-c0bd9fba9392",
         "price":20.0,
         "address":"451 Glandale St.",
         "city":"26768abd-6ee3-41c4-8ea1-5ed250fdc757",
         "neighborhood":"a488a198-6dab-4459-aee2-270fb99f07b7",
         "description":"Lending Used drill",
         "created_on":"2021-12-16T20:37:37.224Z",
         "rating_average":3.2
      }
   },
   {
      "model":"toolz_swap_app.listing",
      "pk":"e1d0536b-6bff-4a61-85bc-3b8114192c63",
      "fields":{
         "title":"Wrench Keys Set",
         "owner":5,
         "brand":"3984cb77-7887-4511-a859-0cf0d664a88d",
         "model":"7eb60737-9132-4ff7-80d5-3fe987c0414a",
         "tool_category":"e4c67acc-d10f-4082-a530-0e03b80aaa30",
         "price":12.0,
         "address":"16 Turk St.",
         "city":"12545115-8e89-41af-aefd-88fc2cb6befe",
         "neighborhood":"15623525-2ac9-494b-bb3d-a9ef8f59d2c9",
         "description":"Lending a new set of wrench keys",
         "created_on":"2021-12-16T20:37:37.420Z",
         "rating_average":1.8
      }
   },
   {
      "model":"toolz_swap_app.listing",
      "pk":"e7558722-eb1a-4d67-b8e2-1a8b56318e97",
      "fields":{
         "title":"Drill Bosch",
         "owner":5,
         "brand":"28dc320d-66d2-4d30-aa63-f3b02d057f12",
         "model":"7eb60737-9132-4ff7-80d5-3fe987c0414a",
         "tool_category":"9944dc99-3507-4a1b-9794-2d6ae9fea8ec",
         "price":9.0,
         "address":"16 Turk St.",
         "city":"12545115-8e89-41af-aefd-88fc2cb6befe",
         "neighborhood":"15623525-2ac9-494b-bb3d-a9ef8f59d2c9",
         "description":"Lending a new Bosch Saw",
         "created_on":"2021-12-16T20:37:37.812Z",
         "rating_average":4.9
      }
   },
   {
      "model":"toolz_swap_app.listingrequest",
      "pk":"4e5f3884-009f-40a6-b47a-1de492e964a3",
      "fields":{
         "listing":"63e52c16-3b77-4c7b-b7c9-2fbc961348e8",
         "created_on":"2021-11-28T08:00:00Z",
         "author":2,
         "recipient":4,
         "body":"I would like to use it. Can pick up asap.",
         "renting_start":"2021-12-16T20:37:38.106Z",
         "renting_end":"2021-12-10T08:00:00Z",
         "approved":false
      }
   },
   {
      "model":"toolz_swap_app.listingrequest",
      "pk":"866c199f-b26e-4d98-aed5-e367e160e2ff",
      "fields":{
         "listing":"df76d100-591f-46c0-a670-358e80fb0435",
         "created_on":"2021-11-30T08:00:00Z",
         "author":1,
         "recipient":3,
         "body":"Can I use it for a day please?",
         "renting_start":"2021-12-16T20:37:38.071Z",
         "renting_end":"2021-12-14T08:00:00Z",
         "approved":false
      }
   },
   {
      "model":"toolz_swap_app.listingrequest",
      "pk":"9af2578b-e85e-4f3c-850a-e8e4a9921b90",
      "fields":{
         "listing":"e7558722-eb1a-4d67-b8e2-1a8b56318e97",
         "created_on":"2021-12-16T08:00:00Z",
         "author":5,
         "recipient":3,
         "body":"Please lend it to me. Thanks!",
         "renting_start":"2021-12-16T20:37:38.203Z",
         "renting_end":"2021-12-21T08:00:00Z",
         "approved":true
      }
   },
   {
      "model":"toolz_swap_app.listingreview",
      "pk":"27447d3b-da7f-4586-bada-a4159487719f",
      "fields":{
         "listing":"63e52c16-3b77-4c7b-b7c9-2fbc961348e8",
         "created_on":"2021-12-16T20:37:38.296Z",
         "author":2,
         "body":"Great Saw, easy to set up and use!",
         "top_review":true,
         "rating":4,
         "review_likes":2,
         "review_dislikes":0
      }
   },
   {
      "model":"toolz_swap_app.listingreview",
      "pk":"8e1eb892-fd2f-49b1-88ee-8754c5de5f0c",
      "fields":{
         "listing":"59593485-cd56-4179-9bea-c66f8e7b9a2f",
         "created_on":"2021-12-16T20:37:38.334Z",
         "author":4,
         "body":"Great Saw!",
         "top_review":false,
         "rating":5,
         "review_likes":4,
         "review_dislikes":1
      }
   },
   {
      "model":"toolz_swap_app.listingreview",
      "pk":"e7f97861-d71d-4141-8cb7-1d077d9bf32c",
      "fields":{
         "listing":"59593485-cd56-4179-9bea-c66f8e7b9a2f",
         "created_on":"2021-12-16T20:37:38.425Z",
         "author":3,
         "body":"A pretty rusty saw, did not like it!",
         "top_review":false,
         "rating":2,
         "review_likes":1,
         "review_dislikes":5
      }
   },
   {
      "model":"toolz_swap_app.listingimage",
      "pk":"151afc3d-3570-47de-85e0-0f298a6faf2e",
      "fields":{
         "listing":"e1d0536b-6bff-4a61-85bc-3b8114192c63",
         "created_on":"2021-12-16T20:37:38.489Z",
         "author":5,
         "item_image":"",
         "item_image_url":"https://i.ibb.co/YhXY0K9/image.png",
         "top_image":false
      }
   },
   {
      "model":"toolz_swap_app.listingimage",
      "pk":"21d47ea6-ebeb-4253-9f1c-380c09f4ae98",
      "fields":{
         "listing":"63e52c16-3b77-4c7b-b7c9-2fbc961348e8",
         "created_on":"2021-12-16T20:37:38.477Z",
         "author":2,
         "item_image":"",
         "item_image_url":"https://i.ibb.co/kQQy2s6/saw.jpg",
         "top_image":false
      }
   },
   {
      "model":"toolz_swap_app.listingimage",
      "pk":"303aefaa-b806-4a97-ac2b-6135ddc7bcc0",
      "fields":{
         "listing":"59593485-cd56-4179-9bea-c66f8e7b9a2f",
         "created_on":"2021-12-16T20:37:38.530Z",
         "author":6,
         "item_image":"",
         "item_image_url":"https://i.ibb.co/K5mJSjN/image.png",
         "top_image":false
      }
   },
   {
      "model":"toolz_swap_app.listingimage",
      "pk":"83307342-12c5-4882-a357-90a16f1550ba",
      "fields":{
         "listing":"5f269ca7-92dc-49b6-8831-b16e7918ef88",
         "created_on":"2021-12-16T20:37:38.563Z",
         "author":2,
         "item_image":"",
         "item_image_url":"https://i.ibb.co/C5r56V7/image.png",
         "top_image":false
      }
   },
   {
      "model":"toolz_swap_app.listingimage",
      "pk":"8871f7ee-ac13-4620-b6b4-c42197871161",
      "fields":{
         "listing":"e7558722-eb1a-4d67-b8e2-1a8b56318e97",
         "created_on":"2021-12-16T20:37:38.585Z",
         "author":5,
         "item_image":"",
         "item_image_url":"https://i.ibb.co/6m9V9R4/image.png",
         "top_image":false
      }
   },
   {
      "model":"toolz_swap_app.listingimage",
      "pk":"a795c32b-5920-4a1f-9bc0-7da5eb2ae7cc",
      "fields":{
         "listing":"c6cf9fc5-a771-443a-9988-78be5b5b5955",
         "created_on":"2021-12-16T20:37:39.269Z",
         "author":1,
         "item_image":"",
         "item_image_url":"https://i.ibb.co/9cc6pyk/image.png",
         "top_image":false
      }
   },
   {
      "model":"toolz_swap_app.listingimage",
      "pk":"b07d4f59-3bf8-4ff9-be2a-1e3d9d60c876",
      "fields":{
         "listing":"23268eef-b132-4848-82b1-544c1c89248c",
         "created_on":"2021-12-16T20:37:38.502Z",
         "author":1,
         "item_image":"",
         "item_image_url":"https://i.ibb.co/SJBHK1L/image.png",
         "top_image":false
      }
   },
   {
      "model":"toolz_swap_app.listingimage",
      "pk":"c1a1e03f-d27d-4b83-9888-71b6b5681590",
      "fields":{
         "listing":"df76d100-591f-46c0-a670-358e80fb0435",
         "created_on":"2021-12-16T20:37:38.441Z",
         "author":1,
         "item_image":"",
         "item_image_url":"https://i.ibb.co/jhB2d8D/drill2.jpg",
         "top_image":false
      }
   },
   {
      "model":"toolz_swap_app.listingimage",
      "pk":"f2abe2f1-3ec3-4931-aed1-9250ec519dbf",
      "fields":{
         "listing":"df76d100-591f-46c0-a670-358e80fb0435",
         "created_on":"2021-12-16T20:37:38.456Z",
         "author":1,
         "item_image":"",
         "item_image_url":"https://i.ibb.co/chkPV3p/drill.jpg",
         "top_image":false
      }
   }
]